대표지번,진행단계,cate_code,위도,경도
면목동 86-19,조합설립인가,4,37.58178,127.09034
갈현동 259-7,조합설립인가,4,37.4149075,126.9824277
미아동 791-2882,정비계획 수립,1,37.628995,127.02575433718266
쌍문동 724,정비계획 수립,1,37.65347,127.02715
중곡동 190-26,조합설립인가,4,37.56286,127.08921
장위동 66-146,조합설립인가,4,,
종암동 3-10,정비계획 수립,1,37.59631,127.03333
쌍문동 137-94,조합설립인가,4,37.65347,127.02715
신림동 475-83,조합설립인가,4,37.4730961,126.9282982
거여동 6,조합설립인가,4,37.48921,127.14667
거여동 173-3,조합설립인가,4,37.48921,127.14667
거여동 17-9,조합설립인가,4,37.48921,127.14667
가락동 32,조합설립인가,4,35.190215,128.8920173
가락동 39,조합설립인가,4,35.190215,128.8920173
종암동 3-745,조합설립인가,4,37.59631,127.03333
홍은동 48-163,사업시행인가,5,37.59296,126.93733
신정동 1152-1,조합설립인가,4,35.53487,129.31199
북가좌동 73-1,조합설립인가,4,37.57953,126.91156
고척동 103-4,조합설립추진위원회승인,3,37.5034631,126.8585846
상도동 211-447,관리처분인가,6,37.4988159,126.9441045
양평동6가 84,조합설립인가,4,37.5418285,126.890214
신길동 1358,정비계획 수립,1,37.3335204,126.77378
신길동 96-24,정비계획 수립,1,37.3335204,126.77378
대림동 807-13,정비계획 수립,1,37.4957573,126.899936
미아동 45-32,사업시행인가,5,37.628995,127.02575433718266
마곡동 327-53,사업시행인가,5,37.56619,126.8255083
홍은동 322-1,사업시행인가,5,37.59296,126.93733
문래동3가 76-1,조합설립추진위원회승인,3,37.51702,126.89591
북아현동 3-66,사업시행인가,5,37.55947205,126.9552493630483
방배동 975-35,철거신고,8,37.4798789,126.9939103
신길동 205-136,정비구역지정,2,37.3335204,126.77378
신길동 147-80,정비계획 수립,1,37.3335204,126.77378
여의도동 41,조합설립인가,4,,
가리봉동 87-177,정비계획 수립,1,37.4838745,126.8889756
면목동 69-14,정비계획 수립,1,37.58178,127.09034
석관동 261-98,조합설립인가,4,37.60789,127.06116
공덕동 11-24,정비계획 수립,1,37.549927049999994,126.95928971994923
화곡동 73-105,조합설립인가,4,37.54208,126.84656
전농동 643,조합설립인가,4,37.5806,127.05543
상봉동 50-1,조합설립추진위원회승인,3,35.203496599999994,128.07191852499722
망우동 461,정비계획 수립,1,37.600581250000005,127.10336899657526
천호동 532-2,조합설립추진위원회승인,3,37.54294,127.12733
신길동 442-2,조합설립인가,4,37.3335204,126.77378
등촌동 365,조합설립인가,4,37.55772775,126.84820955192035
화곡동 424-63,조합설립인가,4,37.54208,126.84656
화곡동 1133-7,조합설립인가,4,37.54208,126.84656
노량진동 84-24,조합설립인가,4,37.5110101,126.9414634
면목동 371-134,조합설립인가,4,37.58178,127.09034
미아동 258,정비계획 수립,1,37.628995,127.02575433718266
번동 148,정비계획 수립,1,37.62929,127.03684
당산동6가 104,정비계획 수립,1,37.5369887,126.8960409
면목동 152-1,조합설립인가,4,37.58178,127.09034
대치동 66-,사업시행인가,5,37.5054018,127.0546042
서초동 1478-12,조합설립인가,4,37.4775521,126.9837273
상계동 322-8,조합설립인가,4,37.66727,127.07242
갈월동 92,조합설립인가,4,37.54487,126.9715441
장위동 238-83,조합설립인가,4,37.6162,127.05086
고척동 52-332,조합설립인가,4,37.5034631,126.8585846
길음동 498,조합해산,13,37.6085308,127.0201946
창동 466,조합설립인가,4,37.64643,127.04326
창동 581-3,조합설립인가,4,37.64643,127.04326
방학동 343,조합설립인가,4,37.66442,127.03333
고척동 253,정비계획 수립,1,37.5034631,126.8585846
하중동 18-2,준공인가,11,37.54365,126.92838
도봉동 625-80,조합설립인가,4,37.6826056,127.0425405
보광동 360,조합설립인가,4,37.5267109,127.00021654781031
현석동 1-31,정비계획 수립,1,37.54254,126.93469
신사동 200,정비계획 수립,1,37.52232055,127.02770186675215
고척동 241-337,조합설립인가,4,37.5034631,126.8585846
창신동 23-2,조합설립추진위원회승인,3,37.57595,127.01313
영등포동2가 253,조합설립추진위원회승인,3,37.52125,126.91222
영등포동2가 34-81,조합설립추진위원회승인,3,37.52125,126.91222
영등포동2가 439,준공인가,11,37.52125,126.91222
방화동 584-1,사업시행인가,5,37.57682,126.81422
신월동 941,조합설립인가,4,37.52782,126.83692
시흥동 919,조합설립인가,4,37.4507049,126.9085555
문래동3가 77-2,안전진단,0,37.51702,126.89591
당산동3가 2-6,안전진단,0,37.52616,126.89724
신길동 364,안전진단,0,37.3335204,126.77378
신길동 365,안전진단,0,37.3335204,126.77378
여의도동 11-1,안전진단,0,37.5210579,126.9297678
잠원동 59-10,착공신고,9,37.518254400000004,127.01240284968915
숭인동 61-103,조합설립인가,4,37.57648,127.01848
창신동 427-7,조합설립인가,4,37.57595,127.01313
남가좌동 224,조합해산,13,37.57744,126.9179
오금동 147,조합설립인가,4,37.348425399999996,126.92938338827679
마천동 45-,정비계획 수립,1,37.49803,127.15167
정릉동 895,조합설립인가,4,37.61654,126.99794
홍은동 277-200,사업시행인가,5,37.59296,126.93733
개봉동 170-35,조합설립인가,4,37.4931629,126.851736
용두동 26-3,조합설립인가,4,37.57616,127.03476
개봉동 49,정비계획 수립,1,37.4931629,126.851736
가산동 12-31,정비구역지정,2,37.47532525,126.88639535805152
신내동 482-1,관리처분인가,6,37.61182,127.09298
미아동 767-51,조합설립인가,4,37.628995,127.02575433718266
청량리동 235-1,조합설립추진위원회승인,3,37.58831,127.0459
한강로2가 210-1,일반분양승인,10,37.53142,126.9685
한남동 29-4,조합설립인가,4,37.53822,127.0074
홍은동 11-360,조합설립인가,4,37.59296,126.93733
불광동 600,정비구역지정,2,37.6160647,126.9339579
개포동 656-3,이전고시,7,37.48421,127.07006
천호동 166-4,조합설립인가,4,37.54294,127.12733
가산동 12-31,준공인가,11,37.47532525,126.88639535805152
자양동 249-2,조합설립인가,4,36.3366812,127.4490374
거여동 549,조합설립인가,4,37.48921,127.14667
면목동 154-31,조합설립인가,4,37.58178,127.09034
신림동 675,정비계획 수립,1,37.48682825,126.92826657522511
시흥동 810,조합설립추진위원회승인,3,37.4507049,126.9085555
신사동 338-41,정비계획 수립,1,37.52232055,127.02770186675215
잠원동 74-,이전고시,7,37.518254400000004,127.01240284968915
장위동 85,조합설립인가,4,37.6162,127.05086
신길동 1367-1,조합설립인가,4,37.3335204,126.77378
대조동 88,착공신고,9,37.612610000000004,126.92278351858204
행당동 248,조합설립추진위원회승인,3,37.55783,127.03571
석관동 334-69,조합설립인가,4,37.60789015,127.06148520004993
종암동 112-37,조합설립인가,4,37.59631,127.03333
중화동 329-38,조합설립인가,4,37.59755,127.07783
상도동 194-27,조합설립인가,4,37.4988159,126.9441045
방화동 615-103,사업시행인가,5,37.57682,126.81422
흑석동 99-3,조합설립인가,4,37.5064393,126.963687
상도동 244-1,정비계획 수립,1,37.4988159,126.9441045
영등포동4가 431-6,조합설립인가,4,37.51777,126.90368
상봉동 304-4,조합설립인가,4,35.203496599999994,128.07191852499722
사당동 192-1,조합설립인가,4,37.4856963,126.9723525
종암동 125-35,정비계획 수립,1,37.59631,127.03333
천호동 145-66,조합설립인가,4,37.54294,127.12733
신길동 325-57,조합설립인가,4,37.3335204,126.77378
보광동 272-3,사업시행인가,5,37.5267109,127.00021654781031
목동 911,정비구역지정,2,36.3341817,127.4091513
제기동 120-104,관리처분인가,6,37.58465,127.03678
시흥동 817,조합설립인가,4,37.4507049,126.9085555
상도동 182-13,조합설립인가,4,,
사당동 156-3,조합설립인가,4,37.4856963,126.9723525
사당동 161-55,조합설립인가,4,37.4856963,126.9723525
오류동 206-2,조합설립추진위원회승인,3,36.3253384,127.4050329
면목동 109-2,조합설립인가,4,37.58178,127.09034
원효로1가 82-1,정비계획 수립,1,37.537689150000006,126.96732507803657
한강로3가 65-342,정비계획 수립,1,37.52754,126.96297
청파동1가 46,정비계획 수립,1,37.5488,126.96668
중화동 327-49,조합설립인가,4,37.59755,127.07783
석관동 62-1,정비계획 수립,1,37.60789015,127.06148520004993
여의도동 51,조합설립인가,4,,
오금동 143-1,사업시행인가,5,37.348425399999996,126.92938338827679
장위동 25-55,착공신고,9,37.6162,127.05086
자양동 588-22,조합설립인가,4,36.3366812,127.4490374
번동 458-31,조합설립인가,4,37.62929,127.03684
문정동 3,조합설립인가,4,37.48356839955601,127.12357514115676
구수동 16-1,정비계획 수립,1,37.54616,126.93299
시흥동 933,조합설립인가,4,37.4507049,126.9085555
시흥동 109,사업시행인가,5,37.4507049,126.9085555
마천동 183-1,정비계획 수립,1,35.1267919,128.7835554
양평동1가 243-1,관리처분인가,6,37.52309,126.88868
상계동 154-3,정비구역지정,2,37.66727,127.07242
잠원동 54,조합설립인가,4,37.518254400000004,127.01240284968915
석촌동 287,조합설립인가,4,37.5024827,127.103495
오금동 36-1,조합설립인가,4,37.348425399999996,126.92938338827679
송파동 100,조합설립인가,4,37.50479,127.11369
홍제동 57-5,준공인가,11,37.5871,126.94676
흑석동 43-7,조합설립인가,4,37.5064393,126.963687
남가좌동 11-11,정비계획 수립,1,37.57744,126.9179
마곡동 327-53,정비구역지정,2,37.56619,126.8255083
영등포동 618-83,정비계획 수립,1,37.5222786,126.90785736304467
신길동 278-121,정비계획 수립,1,37.3335204,126.77378
신길동 4918-5,정비계획 수립,1,37.3335204,126.77378
신길동 4377,관리처분인가,6,37.3335204,126.77378
방이동 217,조합설립인가,4,37.5141564,127.1195472
신림동 655-78,조합설립인가,4,37.48682825,126.92826657522511
대방동 391-63,조합설립인가,4,37.5067997,126.92913492678356
신공덕동 6-3,조합설립인가,4,37.5447,126.95606
장위동 232-125,조합설립인가,4,37.6162,127.05086
황학동 310,조합설립인가,4,37.5675499,127.02172
황학동 1010,조합설립인가,4,37.5675499,127.02172
황학동 2085,조합설립인가,4,37.5675499,127.02172
봉천동 26,조합설립인가,4,37.484665,126.9484961
봉천동 690,조합설립인가,4,37.484665,126.9484961
구로동 715-24,정비구역지정,2,37.4945849,126.8845477
중화동 122,조합설립인가,4,37.59755,127.07783
휘경동 43,조합설립추진위원회승인,3,37.58823975,127.0626972803802
신림동 739,사업시행인가,5,37.48682825,126.92826657522511
자양동 57-90,정비계획 수립,1,36.3366812,127.4490374
방화동 286-1,조합설립인가,4,37.57682,126.81422
광장동 561,조합설립인가,4,37.54711,127.10414
궁동 213-27,정비구역지정,2,37.5006694,126.8280726
신정동 913,정비계획 수립,1,35.53487,129.31199
천호동 461-31,정비구역지정,2,37.54294,127.12733
봉천동 1535-37,조합설립인가,4,37.484665,126.9484961
가락동 140,조합설립인가,4,35.190215,128.8920173
개포동 187,사업시행인가,5,37.48421,127.07006
면목동 153-51,조합설립인가,4,37.58178,127.09034
번동 471-118,조합설립인가,4,37.62929,127.03684
화양동 32-12,조합설립인가,4,37.54408,127.06895
대방동 11-103,조합설립인가,4,37.5067997,126.92913492678356
염창동 255,조합설립인가,4,37.55534725,126.87252829335478
미아동 61-79,조합설립인가,4,37.628995,127.02575433718266
수유동 170-1,정비계획 수립,1,37.6352212,127.0090642
여의도동 21-2,조합설립인가,4,,
여의도동 38-1,조합설립인가,4,,
전농동 60,조합설립인가,4,37.5806,127.05543
마장동 784,조합설립인가,4,37.56743,127.04045
홍제동 311-1,정비계획 수립,1,37.5871,126.94676
염창동 253-1,조합설립인가,4,37.55534725,126.87252829335478
번동 443-46,조합설립인가,4,37.62929,127.03684
방배동 562-1,조합설립인가,4,37.4798789,126.9939103
석관동 332-113,조합설립인가,4,37.60789,127.06116
이촌동 211-2,조합설립추진위원회승인,3,37.52086,126.96612
양평동3가 79-4,안전진단,0,37.5282501,126.8914746
대림동 696,안전진단,0,37.4957573,126.899936
당산동4가 88,안전진단,0,37.52915,126.89894
신길동 4656,안전진단,0,37.3335204,126.77378
여의도동 54,안전진단,0,,
여의도동 21-1,안전진단,0,,
여의도동 40-4,안전진단,0,,
여의도동 40,안전진단,0,37.5184931,126.9395997
도림동 26-21,정비계획 수립,1,37.508261899999994,126.8993866115764
대림동 855-1,정비계획 수립,1,37.4957573,126.899936
돈암동 624,조합설립인가,4,37.59742,127.01841
정릉동 452-3,조합설립인가,4,37.61654,126.99794
송파동 151-,조합설립인가,4,37.50479,127.11369
번동 458-2,조합설립인가,4,37.62929,127.03684
시흥동 871,조합설립추진위원회승인,3,37.4507049,126.9085555
명일동 56,정비계획 수립,1,37.54841,127.15158
신대방동 360-72,조합설립인가,4,37.4955756,126.9195788
석관동 332-179,조합설립인가,4,,
신당동 236-100,조합설립인가,4,37.565196900000004,127.01321999381744
개봉동 298-33,조합설립인가,4,37.4931629,126.851736
상도동 210-110,조합설립인가,4,37.4988159,126.9441045
사당동 303-,사업시행인가,5,37.4856963,126.9723525
망원동 454-3,조합설립인가,4,37.55586,126.90087
면목동 99-41,조합설립인가,4,37.58178,127.09034
면목동 1271,조합설립인가,4,37.58178,127.09034
중림동 398,조합설립추진위원회승인,3,37.5567609,126.96630371330951
홍제동 266-238,조합설립인가,4,37.5871,126.94676
홍은동 8-400,정비계획 수립,1,37.59296,126.93733
천호동 337-30,조합설립인가,4,37.54294,127.12733
천호동 397-419,조합설립인가,4,37.54294,127.12733
정릉동 385-1,조합설립인가,4,37.61654,126.99794
도곡동 540,착공신고,9,37.4878395,127.0438569
신당동 80,조합해산,13,37.565196900000004,127.01321999381744
도곡동 934-10,조합설립추진위원회승인,3,37.4878395,127.0438569
용두동 14-1,조합설립인가,4,37.57616,127.03476
신문로1가 158,조합설립추진위원회승인,3,37.57017,126.97417
성산동 466,정비구역지정,2,37.56775,126.90263
대조동 92-5,조합설립인가,4,37.612610000000004,126.92278351858204
면목동 139-52,조합설립인가,4,37.58178,127.09034
사당동 206-1,조합설립인가,4,37.4856963,126.9723525
연희동 721-6,조합설립추진위원회승인,3,37.57234,126.93084
가산동 999-986,조합설립추진위원회승인,3,37.47532525,126.88639535805152
독산동 954,조합설립인가,4,37.468399,126.8979571
합정동 376-3,정비계획 수립,1,37.5477846,126.90956355330226
시흥동 983-13,조합설립인가,4,37.4507049,126.9085555
개포동 658-1,조합설립인가,4,37.48421,127.07006
북아현동 1-954,조합청산,12,37.55947205,126.9552493630483
사당동 155-4,조합설립인가,4,37.4856963,126.9723525
망원동 459-1,조합설립인가,4,37.55586,126.90087
망원동 456-2,조합설립인가,4,37.55586,126.90087
미아동 90-45,조합설립인가,4,37.628995,127.02575433718266
오금동 35-1,조합설립인가,4,37.654355550000005,126.90066254943082
묵동 188-1,조합설립인가,4,37.61083,127.08109
자양동 695,정비구역지정,2,37.5329735,127.0727409
대림동 893-47,조합설립인가,4,37.4957573,126.899936
상수동 334-11,조합설립인가,4,37.54743,126.92473
공덕동 370-9,조합설립인가,4,37.549927049999994,126.95928971994923
대조동 59-1,정비구역지정,2,37.612610000000004,126.92278351858204
신수동 91-318,조합설립인가,4,37.54620345,126.9359375116903
여의도동 52,조합설립인가,4,,
오금동 43,정비구역지정,2,37.35395724999999,126.93242287905082
명일동 263-2,착공신고,9,37.54841,127.15158
고척동 57-9,사업시행인가,5,37.5034631,126.8585846
명일동 44,정비계획 수립,1,37.54841,127.15158
신정동 314,정비계획 수립,1,35.53487,129.31199
성산동 165-72,조합설립인가,4,35.20092,128.67494
명일동 15,조합설립인가,4,37.54841,127.15158
천호동 221,조합설립인가,4,37.54294,127.12733
여의도동 50,조합설립인가,4,,
면목동 63-28,조합설립인가,4,37.58178,127.09034
사당동 220-70,조합설립인가,4,37.4856963,126.9723525
문래동1가 13,정비계획 수립,1,37.51217,126.89799
신길동 3923,조합설립추진위원회승인,3,37.3335204,126.77378
대림동 786,조합설립인가,4,35.86723,128.74766
영등포동7가 64-3,조합설립추진위원회승인,3,37.5246695,126.9073675901746
신길동 4-79,조합설립추진위원회승인,3,37.3335204,126.77378
상도동 159-52,조합설립인가,4,37.4988159,126.9441045
상도동 363-117,조합설립인가,4,36.01528,129.35519
미아동 833-2,조합설립인가,4,37.628995,127.02575433718266
장위동 68-435,조합설립인가,4,37.6162,127.05086
번동 428-4,사업시행인가,5,37.62929,127.03684
도화동 536,조합설립인가,4,37.5386394,126.94924282127039
마천동 194-1,조합설립인가,4,35.1267919,128.7835554
제기동 892-68,관리처분인가,6,37.58465,127.03678
방배동 758-4,조합설립추진위원회승인,3,37.4798789,126.9939103
한강로3가 40-712,조합설립추진위원회승인,3,37.52754,126.96297
화곡동 1130-7,조합설립인가,4,37.54208,126.84656
풍납동 406,착공신고,9,37.53387,127.11094
방배동 872-11,조합설립추진위원회승인,3,37.4798789,126.9939103
휘경동 43-188,조합설립추진위원회승인,3,37.58773,127.06526
면목동 69-14,조합설립추진위원회승인,3,37.58178,127.09034
당산동3가 394,조합설립추진위원회승인,3,37.52616,126.89724
신길동 355-310,조합설립추진위원회승인,3,37.3335204,126.77378
신길동 355-315,조합설립추진위원회승인,3,37.3335204,126.77378
신길동 355-347,조합설립추진위원회승인,3,37.3335204,126.77378
신길동 347-86,조합설립추진위원회승인,3,37.3335204,126.77378
신길동 263-56,조합설립추진위원회승인,3,37.3335204,126.77378
대림동 786-2,정비계획 수립,1,35.86723,128.74766
도림동 239-12,정비계획 수립,1,37.508261899999994,126.8993866115764
신길동 1343,정비계획 수립,1,37.3335204,126.77378
노량진동 312-75,관리처분인가,6,37.5110101,126.9414634
북아현동 221-7,정비계획 수립,1,37.55947205,126.9552493630483
시흥동 923,조합설립인가,4,37.4507049,126.9085555
잠원동 52-2,이전고시,7,37.518254400000004,127.01240284968915
길음동 542-1,일반분양승인,10,37.6085308,127.0201946
신대방동 364-190,조합설립인가,4,37.4955756,126.9195788
가산동 666-666,정비계획 수립,1,37.47532525,126.88639535805152
응암동 755,정비계획 수립,1,37.59418,126.92555
응암동 700,정비계획 수립,1,37.59418,126.92555
가산동 112-123,조합설립추진위원회승인,3,37.47532525,126.88639535805152
가산동 255-255,이전고시,7,,
불광동 329-13,정비계획 수립,1,37.6160647,126.9339579
명일동 270,조합설립인가,4,37.54841,127.15158
오금동 166,사업시행인가,5,37.348425399999996,126.92938338827679
서계동 116,조합설립인가,4,37.55234,126.96595
잠원동 55-10,사업시행인가,5,37.518254400000004,127.01240284968915
당산동2가 30-2,조합설립추진위원회승인,3,37.5224036,126.89391
가산동 12-32,정비계획 수립,1,37.47532525,126.88639535805152
교남동 28,정비구역지정,2,37.5707991,126.9608805
송파동 161,조합설립인가,4,37.50479,127.11369
장위동 65-107,조합설립인가,4,37.6162,127.05086
번동 427-63,사업시행인가,5,37.62929,127.03684
번동 429-97,사업시행인가,5,37.62929,127.03684
신길동 4518,사업시행인가,5,37.3335204,126.77378
신길동 340-1,조합설립인가,4,37.3335204,126.77378
방이동 225,사업시행인가,5,37.5141564,127.1195472
신림동 746-43,조합설립인가,4,37.4730961,126.9282982
신길동 39-3,조합설립인가,4,37.3335204,126.77378
홍은동 355,사업시행인가,5,37.59296,126.93733
개봉동 454-14,조합설립인가,4,37.4931629,126.851736
압구정동 369-1,조합설립인가,4,37.5300432,127.0313346
오류동 68-21,조합설립인가,4,36.3253384,127.4050329
이촌동 300-301,사업시행인가,5,37.52086,126.96612
신길동 420-92,조합설립인가,4,37.3335204,126.77378
번동 413-44,조합설립인가,4,37.62929,127.03684
목동 232,정비계획 수립,1,37.550246200000004,126.86429110559628
가리봉동 115,정비계획 수립,1,37.4838745,126.8889756
중화동 195-2,조합설립인가,4,37.59755,127.07783
서초동 1334-,관리처분인가,6,37.48818,127.01751
시흥동 1004,조합설립인가,4,37.4507049,126.9085555
한강로3가 40-19,조합설립인가,4,37.52754,126.96297
공항동 21,조합설립인가,4,37.55387305,126.8180754118984
공항동 14,조합설립인가,4,37.55503335,126.81955621093223
공항동 61-42,조합설립인가,4,37.5556799,126.79312568532687
궁동 240,조합설립인가,4,37.5006694,126.8280726
문래동3가 16-32,사업시행인가,5,37.51702,126.89591
흑석동 90,관리처분인가,6,37.5064393,126.963687
중화동 317-45,조합설립인가,4,37.59755,127.07783
중화동 329-30,조합설립인가,4,37.59755,127.07783
하월곡동 70-4,조합설립인가,4,37.60444,127.03764
장안동 95-1,사업시행인가,5,37.57105,127.06806
홍은동 326-2,조합설립인가,4,37.59296,126.93733
잠원동 65-32,조합설립인가,4,37.518254400000004,127.01240284968915
한강로3가 40-641,조합설립인가,4,37.52754,126.96297
개포동 185,사업시행인가,5,37.48421,127.07006
자양동 658-14,이전고시,7,36.3366812,127.4490374
가락동 176,사업시행인가,5,35.190215,128.8920173
면목동 106-5,조합설립인가,4,37.58178,127.09034
가락동 199,사업시행인가,5,35.190215,128.8920173
압구정동 481,조합설립인가,4,37.5300432,127.0313346
송파동 166,사업시행인가,5,37.50479,127.11369
상일동 152,조합해산,13,37.55073,127.1704
서빙고동 241-21,조합설립인가,4,37.51769075,126.99123969122317
천호동 39-4,조합해산,13,37.54294,127.12733
망원동 438-46,조합해산,13,37.55586,126.90087
흑석동 304,관리처분인가,6,37.502463649999996,126.96087578592851
망원동 472-1,조합해산,13,37.55586,126.90087
서초동 1611-1,조합설립인가,4,37.48818,127.01751
잠원동 60-3,일반분양승인,10,37.518254400000004,127.01240284968915
대치동 977-,이전고시,7,37.49882,127.06566
장안동 326-,조합설립인가,4,37.57105,127.06806
잠원동 70-,조합설립인가,4,37.51531,127.0176996
대치동 964-,착공신고,9,37.49882,127.06566
동작동 102-,착공신고,9,37.5028911,126.9775288
잠원동 74-1,조합해산,13,37.518254400000004,127.01240284968915
천호동 107-33,조합설립인가,4,37.54294,127.12733
양재동 18-12,조합설립추진위원회승인,3,37.46838,127.0361
마천동 323-,관리처분인가,6,37.49803,127.15167
미아동 3-111,조합해산,13,37.628995,127.02575433718266
시흥동 810,정비구역지정,2,37.4507049,126.9085555
고척동 241-2,조합설립인가,4,37.5034631,126.8585846
개봉동 199-4,조합설립인가,4,37.4931629,126.851736
신림동 412,정비계획 수립,1,37.48682825,126.92826657522511
한강로1가 231-30,정비계획 수립,1,37.53517,126.97404
한강로3가 40-881,정비계획 수립,1,37.52754,126.96297
효창동 5-307,정비계획 수립,1,37.54341,126.96037
반포동 60-4,정비구역지정,2,37.50312,127.0014
홍제동 298-9,정비계획 수립,1,37.5871,126.94676
전농동 103-236,조합설립인가,4,37.5823142,127.0483446
중화동 296-44,관리처분인가,6,37.59755,127.07783
천호동 423-76,일반분양승인,10,37.54294,127.12733
당산동5가 7-2,조합설립인가,4,37.53208,126.90102
구산동 307-1,조합해산,13,37.61228115,126.90826582986259
한강로2가 2-116,사업시행인가,5,37.53142,126.9685
반포동 810-,착공신고,9,37.50312,127.0014
영등포동5가 34-16,정비구역지정,2,37.52095,126.9066
문래동1가 70-1,정비구역지정,2,37.51217,126.89799
천호동 410-100,일반분양승인,10,37.54294,127.12733
궁동 171-1,조합설립인가,4,35.1506767,126.9183969
일원동 615-1,관리처분인가,6,37.48754,127.08705
둔촌동 85-2,준공인가,11,37.5289579,127.1447659
구로동 685-280,조합해산,13,37.4945849,126.8845477
이촌동 203-75,조합설립추진위원회승인,3,37.52086,126.96612
서초동 1336,조합청산,12,37.48818,127.01751
방배동 541-2,철거신고,8,37.4798789,126.9939103
문정동 136-,착공신고,9,36.7971,128.60653
흑석동 99-3,조합설립추진위원회승인,3,37.5064393,126.963687
개봉동 312-38,착공신고,9,37.4931629,126.851736
수색동 189,일반분양승인,10,37.585187250000004,126.8948584489098
화양동 35-4,이전고시,7,37.54408,127.06895
노량진동 294-220,관리처분인가,6,37.5110101,126.9414634
노량진동 270-3,관리처분인가,6,37.5110101,126.9414634
홍제동 326-5,조합설립인가,4,37.5871,126.94676
개포동 189,준공인가,11,37.48421,127.07006
대치동 316,조합설립인가,4,37.5027147,127.0672718
방배동 818-14,착공신고,9,37.4798789,126.9939103
홍제동 306-2,조합설립추진위원회승인,3,37.5871,126.94676
수색동 115-5,일반분양승인,10,37.585187250000004,126.8948584489098
월계동 672,조합청산,12,35.2141311,126.8385309
공릉동 230,이전고시,7,37.63021,127.08818
도봉동 95,착공신고,9,37.6826056,127.0425405
암사동 495,조합설립인가,4,37.5582352,127.1308542
상도동 154-30,조합설립인가,4,37.4988159,126.9441045
길음동 31-1,조합설립인가,4,37.6085308,127.0201946
신정동 1200-1,사업시행인가,5,35.53487,129.31199
압구정동 490,조합설립인가,4,37.5300432,127.0313346
정릉동 506-159,사업시행인가,5,37.61654,126.99794
잠실동 320,사업시행인가,5,37.5122807,127.0855986
수색동 30-2,이전고시,7,37.58607,126.89308
화양동 499-18,조합해산,13,37.54408,127.06895
잠원동 60-78,조합설립인가,4,37.518254400000004,127.01240284968915
창전동 27-19,조합해산,13,37.55007,126.92938
한강로2가 2-138,사업시행인가,5,37.53142,126.9685
방배동 1028-1,조합청산,12,37.4798789,126.9939103
홍은동 13-25,준공인가,11,37.59296,126.93733
아현동 662,준공인가,11,37.550546999999995,126.95246389042379
용두동 253,조합해산,13,37.57616,127.03476
방배동 891-3,사업시행인가,5,37.4798789,126.9939103
답십리동 98,조합해산,13,37.573723,127.0577776
금호동2가 684,조합설립추진위원회승인,3,37.55311,127.0211
대림동 700-1,조합설립인가,4,37.4957573,126.899936
이문동 168-1,조합설립인가,4,37.60021,127.06124
고척동 241-63,조합설립인가,4,37.5034631,126.8585846
공덕동 119,조합설립인가,4,37.549927049999994,126.95928971994923
옥수동 220-1,사업시행인가,5,37.54176,127.01648
영등포동5가 22-3,조합설립인가,4,37.52095,126.9066
문래동2가 14-84,정비구역지정,2,37.5128036,126.8929788
신길동 240-16,조합청산,12,37.3335204,126.77378
동소문동2가  33,조합설립인가,4,37.58839,127.00785
영등포동5가 30,조합설립인가,4,37.52095,126.9066
신길동 1583-1,조합해산,13,37.3335204,126.77378
문래동5가 22-,관리처분인가,6,37.51588,126.88411
공항동 18,관리처분인가,6,37.55413915,126.81799595947007
오류동 156-15,관리처분인가,6,36.3253384,127.4050329
잠원동 61-2,조합설립인가,4,37.518254400000004,127.01240284968915
방배동 992-1,조합해산,13,37.4798789,126.9939103
상도동 356-159,조합설립인가,4,36.01528,129.35519
성내동 288-1,조합설립인가,4,37.52998,127.12875
신사동 261-20,조합설립인가,4,37.52232055,127.02770186675215
대치동 63,사업시행인가,5,37.49882,127.06566
신천동 7-,조합설립인가,4,37.43961375,126.77885557449832
사직동 311-10,사업시행인가,5,37.5738317,126.97030324117736
남가좌동 124-1,조합해산,13,37.57744,126.9179
홍은동 441-1,조합해산,13,37.59296,126.93733
문래동4가 23-6,조합설립인가,4,37.514477,126.8898892
가산동 547-44,조합설립추진위원회승인,3,37.47532525,126.88639535805152
하월곡동 88-142,관리처분인가,6,37.60444,127.03764
장위동 289,착공신고,9,37.6162,127.05086
정릉동 757,관리처분인가,6,37.61654,126.99794
방화동 608-97,철거신고,8,37.57682,126.81422
신길동 145-40,조합청산,12,37.3335204,126.77378
마포동 350,조합설립추진위원회승인,3,37.53672,126.94288
석관동 332-46,조합설립인가,4,37.60789015,127.06148520004993
중곡동 18-24,정비구역지정,2,37.56286,127.08921
이촌동 302-48,조합설립인가,4,37.52086,126.96612
이촌동 402,조합설립인가,4,37.52086,126.96612
대치동 65-,사업시행인가,5,37.49882,127.06566
이촌동 300-10,조합설립인가,4,37.52086,126.96612
신림동 316-55,일반분양승인,10,37.48682825,126.92826657522511
신림동 1448-1,조합설립인가,4,37.48682825,126.92826657522511
교남동 62-1,조합해산,13,37.5716654,126.96339035786244
궁동 236-1,조합설립인가,4,37.5006694,126.8280726
상봉동 88,사업시행인가,5,35.203496599999994,128.07191852499722
여의도동 32,안전진단,0,37.5189754,126.9389194
석관동 58-56,조합해산,13,37.60789015,127.06148520004993
성수동1가 656-421,관리처분인가,6,37.5435,127.03742
여의도동 28,조합설립인가,4,37.5214552,126.9301999
가락동 192,조합설립인가,4,35.190215,128.8920173
명일동 309-1,조합청산,12,37.54841,127.15158
장위동 189-3,조합해산,13,37.6162,127.05086
번동 457-1,조합설립인가,4,37.62929,127.03684
사당동 196,조합설립인가,4,37.4849354,126.9699231
하월곡동 40-107,조합설립인가,4,37.60444,127.03764
방배동 980-36,조합설립인가,4,37.4798789,126.9939103
대림동 990-7,조합설립인가,4,37.4957573,126.899936
도곡동 465,조합설립인가,4,37.4878395,127.0438569
응암동 700,정비계획 수립,1,37.59418,126.92555
일원동 615,조합설립인가,4,37.48754,127.08705
망원동 458-16,조합해산,13,37.55586,126.90087
홍은동 277-45,조합설립인가,4,37.59296,126.93733
역삼동 711-1,조합해산,13,37.49988,127.03856
반포동 65-1,조합설립추진위원회승인,3,37.50312,127.0014
잠원동 49-17,착공신고,9,37.518254400000004,127.01240284968915
원효로4가 118-16,사업시행인가,5,37.53211,126.95127
길동 160,준공인가,11,37.5398309,127.14661060476558
제기동 288,관리처분인가,6,37.58465,127.03678
서초동 1335,이전고시,7,37.48818,127.01751
사당동 41-17,착공신고,9,37.4856963,126.9723525
신정동 1182-1,조합설립추진위원회승인,3,35.53487,129.31199
신길동 3163,조합청산,12,37.3335204,126.77378
용답동 234,조합설립인가,4,37.5613328,127.05801460358003
역삼동 758-,관리처분인가,6,37.49988,127.03856
방배동 725,조합설립인가,4,37.4798789,126.9939103
효창동 13-2,조합청산,12,37.54341,126.96037
금호동4가 56-1,조합해산,13,37.54479,127.02339
신월동 551-10,준공인가,11,37.52782,126.83692
대치동 963,준공인가,11,37.49882,127.06566
마천동 283-,조합설립인가,4,37.49803,127.15167
목동 632-1,조합청산,12,36.3341817,127.4091513
이문동 149-8,일반분양승인,10,37.60021,127.06124
공덕동 105-84,착공신고,9,37.549927049999994,126.95928971994923
천호동 437-5,조합해산,13,37.54294,127.12733
월계동 436,관리처분인가,6,37.6289,127.0567
신수동 93-102,조합해산,13,37.54620345,126.9359375116903
이태원동 22-2,조합설립추진위원회승인,3,37.53842,126.992
자양동 224-15,조합해산,13,36.3366812,127.4490374
신림동 419-1,조합설립인가,4,37.48682825,126.92826657522511
방화동 247-71,조합설립인가,4,37.57682,126.81422
면목동 10-2,조합설립인가,4,37.5923937,127.07919869705836
미아동 1261-376,관리처분인가,6,37.628995,127.02575433718266
신길동 337-246,조합해산,13,37.3335204,126.77378
미아동 791-364,착공신고,9,37.628995,127.02575433718266
신길동 4759,조합설립인가,4,37.3335204,126.77378
장위동 233-42,조합설립인가,4,37.6162,127.05086
정릉동 175,조합설립인가,4,37.61654,126.99794
장위동 219-133,조합설립인가,4,37.6162,127.05086
정릉동 218-1,조합설립인가,4,37.61654,126.99794
장위동 68-833,조합설립인가,4,37.6162,127.05086
미아동 439-,관리처분인가,6,37.628995,127.02575433718266
역삼동 712-,준공인가,11,37.49988,127.03856
흑석동 232,조합해산,13,35.1831398,126.8084441
잠실동 101-1,조합설립인가,4,37.5122807,127.0855986
장위동 173-114,조합해산,13,37.6162,127.05086
금호동1가 280,조합청산,12,37.55286,127.02393
장위동 68-37,관리처분인가,6,37.6162,127.05086
안암동3가 132-17,착공신고,9,37.58371,127.02359
효창동 3-250,조합해산,13,37.54341,126.96037
고척동 148,관리처분인가,6,37.5034631,126.8585846
효창동 117-1,조합청산,12,37.54341,126.96037
반포동 30-15,이전고시,7,37.50312,127.0014
서초동 1331,조합해산,13,37.48818,127.01751
이촌동 300-23,관리처분인가,6,37.52086,126.96612
길동 43,조합청산,12,37.53722559194212,127.15037311883172
휘경동 243,조합해산,13,37.58773,127.06526
한강로3가 63-70,이전고시,7,37.52754,126.96297
응봉동 193-162,사업시행인가,5,37.55236,127.03356
봉천동 1544-1,조합해산,13,37.484665,126.9484961
충정로3가 250-,조합설립인가,4,37.5618374,126.9616577
영등포동5가 32-8,관리처분인가,6,37.52095,126.9066
신림동 324-25,철거신고,8,37.4730961,126.9282982
신길동 347-50,조합해산,13,37.3335204,126.77378
신길동 2039,조합청산,12,37.3335204,126.77378
수색동 330-1,조합해산,13,37.58607,126.89308
신길동 329-94,조합청산,12,37.3335204,126.77378
응암동 8,조합청산,12,37.59418,126.92555
잠원동 65-33,착공신고,9,37.518254400000004,127.01240284968915
대방동 44-1,관리처분인가,6,37.5067997,126.92913492678356
방배동 1018-1,착공신고,9,37.4798789,126.9939103
서초동 1332-1,조합해산,13,37.48818,127.01751
압구정동 434,조합설립인가,4,37.5300432,127.0313346
응암동 225-1,조합청산,12,37.59418,126.92555
용답동 108-1,일반분양승인,10,37.56211,127.05467
오류동 150-42,조합설립인가,4,36.3253384,127.4050329
봉천동 480,사업시행인가,5,37.484665,126.9484961
거여동 294,조합설립인가,4,37.48921,127.14667
오금동 67-7,조합설립인가,4,37.348425399999996,126.92938338827679
문정동 72-3,조합설립인가,4,37.48434,127.12246
풍납동 299-1,조합설립인가,4,37.53387,127.11094
사당동 235-81,조합설립인가,4,37.4856963,126.9723525
사당동 217-15,조합설립인가,4,37.4856963,126.9723525
면목동 1251-4,조합설립인가,4,37.58178,127.09034
양평동2가 29-6,조합설립추진위원회승인,3,37.52357,126.88288
응암동 626-108,조합해산,13,37.59418,126.92555
구로동 153-3,조합설립인가,4,37.4945849,126.8845477
천호동 214-19,정비계획 수립,1,37.54294,127.12733
양재동 18-18,조합설립인가,4,37.4760162,127.0430561
고척동 227-1,조합설립인가,4,37.5034631,126.8585846
정릉동 226-1,조합설립인가,4,37.61654,126.99794
이문동 170-65,정비계획 수립,1,37.60021,127.06124
번동 441-3,정비계획 수립,1,37.62929,127.03684
서계동 33-1,정비계획 수립,1,37.55234,126.96595
번동 454-61,조합설립인가,4,37.62929,127.03684
시흥동 934,조합설립인가,4,37.41911,127.10186
구의동 592-39,사업시행인가,5,37.54417,127.09262
가락동 96-1,정비구역지정,2,35.190215,128.8920173
봉천동 1,조합설립인가,4,37.4647303,126.95994046701662
반포동 2-1,조합청산,12,37.50312,127.0014
흑석동 253-89,착공신고,9,37.5064393,126.963687
풍납동 388-7,조합해산,13,37.53387,127.11094
홍은동 338-5,준공인가,11,37.59296,126.93733
사당동 277-1,조합설립인가,4,37.4856963,126.9723525
목동 523,정비계획 수립,1,37.5345787,126.87967448346438
신수동 91-90,조합설립인가,4,37.54620345,126.9359375116903
사당동 167-19,조합청산,12,37.4856963,126.9723525
이문동 86-1,관리처분인가,6,37.60021,127.06124
답십리동 12,착공신고,9,37.5685858,127.0517873
봉천동 14-120,조합설립인가,4,37.484665,126.9484961
반포동 46,조합설립인가,4,37.5053425,127.021292
신림동 1480-1,조합설립인가,4,37.4730961,126.9282982
가락동 138,사업시행인가,5,35.190215,128.8920173
봉천동 1553-1,조합청산,12,37.484665,126.9484961
불광동 19-3,조합설립인가,4,37.6160647,126.9339579
성북동 179-68,조합설립추진위원회승인,3,37.59552,126.99215
한강로2가 342,이전고시,7,37.53142,126.9685
방화동 278-7,관리처분인가,6,37.57682,126.81422
봉천동 728-57,조합설립인가,4,37.484665,126.9484961
상도동 36-1,조합청산,12,36.01528,129.35519
노량진동 278-2,사업시행인가,5,37.5110101,126.9414634
화곡동 1027-50,이전고시,7,37.54208,126.84656
창신동 330-1,조합설립추진위원회승인,3,37.57595,127.01313
압구정동 528,조합설립인가,4,37.5300432,127.0313346
장위동 232-41,조합설립인가,4,37.6162,127.05086
답십리동 178,조합해산,13,37.57002,127.05467
돈암동 48-29,조합설립인가,4,37.59742,127.01841
신당동 432-1008,조합설립인가,4,35.8477231,128.4864574
연희동 533,철거신고,8,37.57234,126.93084
홍은동 19-19,조합해산,13,37.59296,126.93733
증산동 213-20,조합해산,13,37.58273085,126.90536408558991
길동 332,조합설립인가,4,37.5398309,127.14661060476558
용두동 23-1,조합설립추진위원회승인,3,37.57616,127.03476
한강로1가 158-,조합설립인가,4,37.5329856,126.9719188
대방동 13-31,관리처분인가,6,37.5067997,126.92913492678356
응암동 36,조합청산,12,37.59418,126.92555
종로6가 117,조합해산,13,37.57174,127.00681
고덕동 670,조합해산,13,37.0480854,127.0363555
압구정동 414,조합설립추진위원회승인,3,37.5300432,127.0313346
신길동 190,조합설립인가,4,37.3335204,126.77378
개포동 660-4,착공신고,9,37.48421,127.07006
신월동 489-3,준공인가,11,37.52782,126.83692
한강로3가 391,이전고시,7,37.52754,126.96297
둔촌동 172,착공신고,9,37.5289579,127.1447659
명일동 257,정비구역지정,2,37.54841,127.15158
가산동 555-55,조합설립인가,4,37.47532525,126.88639535805152
구로동 440,사업시행인가,5,37.4945849,126.8845477
답십리동 952,조합설립인가,4,37.57002,127.05467
염창동 283,조합해산,13,37.55534725,126.87252829335478
개포동 656,조합해산,13,37.48421,127.07006
염창동 277-24,이전고시,7,37.55534725,126.87252829335478
성수동1가 72-10,조합설립인가,4,37.5435,127.03742
녹번동 53,조합청산,12,37.60408794999999,126.93172334972789
염리동 45,조합해산,13,37.55018115,126.9478720005446
신월동 606,사업시행인가,5,34.73124,127.69787
아현동 380,준공인가,11,37.550546999999995,126.95246389042379
갈현동 300,관리처분인가,6,37.4149075,126.9824277
행당동 128,일반분양승인,10,37.55783,127.03571
신정동 1190-1,조합설립추진위원회승인,3,35.53487,129.31199
신림동 1656-,조합설립인가,4,37.48682825,126.92826657522511
서초동 1310,이전고시,7,37.48818,127.01751
역촌동 189-,착공신고,9,37.604994149999996,126.9148855778837
신천동 20-4,착공신고,9,37.43961375,126.77885557449832
노량진동 227-5,관리처분인가,6,37.5110101,126.9414634
월계동 487-17,철거신고,8,37.6289,127.0567
성수동2가 572-7,조합설립인가,4,37.54048,127.05601
잠원동 74-2,조합해산,13,37.518254400000004,127.01240284968915
불광동 17,조합청산,12,37.6160647,126.9339579
도림동 162-94,조합청산,12,37.508261899999994,126.8993866115764
수색동 16-2,관리처분인가,6,37.585187250000004,126.8948584489098
양평동1가 20,조합설립인가,4,37.5247393,126.8836443
신천동 17-6,착공신고,9,37.43961375,126.77885557449832
사당동 181-360,이전고시,7,37.4856963,126.9723525
청파동2가 11-1,조합설립인가,4,37.54655,126.96675
종암동 81-188,조합설립인가,4,37.59631,127.03333
염리동 488-14,정비계획 수립,1,37.54914,126.94915
잠원동 50-5,사업시행인가,5,37.518254400000004,127.01240284968915
성북동 226-,사업시행인가,5,37.59552,126.99215
반포동 30-18,조합해산,13,37.50312,127.0014
반포동 32-8,조합해산,13,37.50312,127.0014
증산동 195-,관리처분인가,6,37.58273085,126.90536408558991
잠원동 73,조합설립인가,4,37.5156693,127.0177235
반포동 12,준공인가,11,37.5034766,127.0101005
반포동 1-1,조합해산,13,37.50312,127.0014
불광동 238,사업시행인가,5,37.6160647,126.9339579
응암동 455,조합청산,12,37.59418,126.92555
서초동 1315,조합설립인가,4,37.48818,127.01751
흑석동 158,조합해산,13,37.5073443,126.9623421
잠원동 57,조합청산,12,37.512965,127.0181243
온수동 45-32,사업시행인가,5,37.4945527,126.820444
등촌동 656-35,관리처분인가,6,37.5498936,126.86025
성수동2가 506,조합설립인가,4,37.54048,127.05601
신정동 1033-1,조합해산,13,35.53487,129.31199
등촌동 366-24,착공신고,9,37.5498936,126.86025
면목동 174-74,조합설립인가,4,37.58178,127.09034
신사동 170-12,착공신고,9,37.52232055,127.02770186675215
반포동 1053,착공신고,9,37.50312,127.0014
잠원동 66,조합청산,12,37.51413445,127.00837831392255
노량진동 232-19,사업시행인가,5,37.5110101,126.9414634
신정동 1150-41,이전고시,7,35.53487,129.31199
수색동 341-6,일반분양승인,10,37.58607,126.89308
묵동 81-17,조합청산,12,37.61083,127.08109
성수동2가 219-4,조합설립인가,4,37.54048,127.05601
미아동 137-72,사업시행인가,5,37.628995,127.02575433718266
망우동 178-1,조합설립인가,4,37.60178,127.1054
면목동 55-14,준공인가,11,37.58178,127.09034
잠실동 27,조합설립인가,4,37.5122807,127.0855986
녹번동 19,조합해산,13,37.60408794999999,126.93172334972789
상계동 -,사업시행인가,5,37.66682525,127.07222636796388
양평동2가 33-20,사업시행인가,5,37.52357,126.88288
삼성동 19-4,조합해산,13,37.46332675,126.9292175946643
홍은동 11-111,착공신고,9,37.59296,126.93733
장안동 329-2,조합청산,12,37.57105,127.06806
상계동 677,조합해산,13,37.66727,127.07242
신정동 1175-28,조합해산,13,35.53487,129.31199
미아동 403,조합설립인가,4,37.628995,127.02575433718266
구의동 122-2,조합해산,13,37.54417,127.09262
홍제동 104-41,관리처분인가,6,37.5871,126.94676
거여동 181,조합해산,13,37.48921,127.14667
당산동4가 92,관리처분인가,6,37.52915,126.89894
신길동 1448-1,정비계획 수립,1,37.3335204,126.77378
방화동 598-146,조합설립인가,4,37.57682,126.81422
금호동3가 1,조합설립인가,4,37.54998,127.02213
상계동 721,사업시행인가,5,37.66727,127.07242
개포동 138,조합해산,13,37.48421,127.07006
도곡동 869,조합설립추진위원회승인,3,37.4878395,127.0438569
도곡동 464,사업시행인가,5,37.4878395,127.0438569
청담동 134-18,착공신고,9,37.52575355,127.0523217253381
삼성동 79,착공신고,9,37.46332675,126.9292175946643
반포동 32-5,조합해산,13,37.50312,127.0014
잠원동 64-8,이전고시,7,37.518254400000004,127.01240284968915
천호동 19-1,사업시행인가,5,37.54294,127.12733
방배동 988-1,관리처분인가,6,37.4798789,126.9939103
신림동 1644-,준공인가,11,37.48682825,126.92826657522511
풍납동 147-1,조합설립인가,4,37.53387,127.11094
봉천동 101,착공신고,9,37.487407000000005,126.94541691408185
봉천동 913-1,조합설립추진위원회승인,3,37.484665,126.9484961
여의도동 30-2,조합설립추진위원회승인,3,,
번동 429-114,사업시행인가,5,37.62929,127.03684
시흥동 220-2,착공신고,9,37.4507049,126.9085555
자양동 778-6,조합해산,13,36.3366812,127.4490374
구의동 227-3,이전고시,7,37.54417,127.09262
자양동 236,준공인가,11,36.3366812,127.4490374
자양동 464-40,조합설립인가,4,36.3366812,127.4490374
하왕십리동 999,조합해산,13,37.56131,127.02715
하왕십리동 700,조합해산,13,37.56131,127.02715
금호동2가 501-31,관리처분인가,6,37.55311,127.0211
시흥동 920-13,조합설립인가,4,37.41911,127.10186
방화동 589-13,조합설립인가,4,37.57682,126.81422
가산동 7281-7282,준공인가,11,37.47532525,126.88639535805152
화곡동 359-124,조합설립인가,4,37.54208,126.84656
고척동 241-11,조합설립인가,4,37.5034631,126.8585846
가락동 55,조합설립인가,4,35.190215,128.8920173
면목동 100-38,조합해산,13,37.58178,127.09034
창신동 459-12,조합설립인가,4,37.57595,127.01313
청파동1가 89-18,정비계획 수립,1,37.5488,126.96668
여의도동 42,조합설립인가,4,37.5215591,126.9248627
안암동3가 54,조합설립인가,4,37.58371,127.02359
장위동 219-114,조합설립인가,4,37.6162,127.05086
금호동4가 480,조합해산,13,37.54479,127.02339
성수동1가 656-1267,조합설립인가,4,37.5435,127.03742
마장동 382,정비계획 수립,1,37.56743,127.04045
양평동1가 9-6,조합설립추진위원회승인,3,37.52309,126.88868
정릉동 545-12,조합설립인가,4,37.61654,126.99794
청량리동 19,정비계획 수립,1,37.58683775,127.05117755561722
공덕동 115-97,정비구역지정,2,37.549927049999994,126.95928971994923
불광동 227-7,정비구역지정,2,37.6160647,126.9339579
성북동 300-5,조합설립인가,4,37.59552,126.99215
정릉동 670-24,조합설립인가,4,37.61654,126.99794
북아현동 149,조합해산,13,37.55947205,126.9552493630483
창동 501-13,조합설립인가,4,37.64643,127.04326
광장동 332-9,조합설립인가,4,37.54711,127.10414
방배동 946-8,착공신고,9,37.4798789,126.9939103
염창동 275-5,관리처분인가,6,37.55534725,126.87252829335478
여의도동 30,조합설립인가,4,37.5217718,126.9266205
신길동 3590,사업시행인가,5,37.3335204,126.77378
면목동 520-19,조합청산,12,37.58178,127.09034
가락동 161-3,착공신고,9,35.190215,128.8920173
길동 54,조합설립인가,4,37.53736,127.14703
홍은동 104-4,이전고시,7,37.59296,126.93733
북아현동 520,사업시행인가,5,37.55947205,126.9552493630483
남가좌동 369-10,조합청산,12,37.57744,126.9179
북아현동 174,조합청산,12,37.56348,126.95426
북가좌동 372-1,조합설립인가,4,37.57953,126.91156
영천동 69-20,착공신고,9,33.3069335,126.57760212380029
녹번동 4,조합청산,12,37.6057257,126.9228983
응암동 419,조합청산,12,37.59418,126.92555
상계동 95-3,준공인가,11,37.66727,127.07242
영등포동7가 105-7,정비구역지정,2,37.5246695,126.9073675901746
상계동 109-43,조합설립인가,4,37.66727,127.07242
상계동 -,사업시행인가,5,37.66682525,127.07222636796388
상계동 85-33,조합해산,13,37.66727,127.07242
월계동 633-31,조합해산,13,37.6289,127.0567
미아동 791-108,조합설립인가,4,37.628995,127.02575433718266
동자동 36-17,조합청산,12,37.55112,126.97251
방배동 528-3,조합설립인가,4,37.4798789,126.9939103
동선동4가 304-2,관리처분인가,6,37.59457,127.0185
미아동 8-373,조합설립인가,4,37.628995,127.02575433718266
청량리동 199,착공신고,9,37.5882073,127.046251807744
보문동1가 60-28,준공인가,11,37.58612,127.01936
전농동 518,조합청산,12,37.5806,127.05543
사당동 57-18,조합설립인가,4,37.4856963,126.9723525
홍제동 90-6,조합설립인가,4,37.5871,126.94676
면목동 192,조합설립인가,4,37.58178,127.09034
이촌동 193-3,조합설립인가,4,37.52086,126.96612
가락동 479,조합해산,13,35.190215,128.8920173
청량리동 435,사업시행인가,5,37.58831,127.0459
연희동 711,조합해산,13,37.57234,126.93084
신설동 92-5,조합설립인가,4,37.573478,127.0257068
잠원동 52,조합청산,12,37.5126913,127.0184819
홍제동 270,이전고시,7,37.5871,126.94676
장위동 350,조합설립추진위원회승인,3,37.6162,127.05086
남가좌동 289-54,착공신고,9,37.57744,126.9179
상일동 187,조합청산,12,37.55073,127.1704
상일동 121,조합청산,12,37.55073,127.1704
천호동 423-200,일반분양승인,10,37.54294,127.12733
상일동 124,조합해산,13,37.55073,127.1704
잠원동 56-2,사업시행인가,5,37.518254400000004,127.01240284968915
반포동 30-1,조합설립인가,4,37.50312,127.0014
상일동 131,조합청산,12,37.55073,127.1704
상일동 134,조합해산,13,37.55073,127.1704
고덕동 212,조합청산,12,37.56528,127.15761
중화동 331-64,일반분양승인,10,37.59755,127.07783
동빙고동 60,조합설립인가,4,37.5264049,126.996159
한남동 686,관리처분인가,6,37.53822,127.0074
장위동 233-552,조합설립인가,4,37.6162,127.05086
안암동3가 136-1,조합설립인가,4,37.58371,127.02359
삼선동2가 296,착공신고,9,37.58438,127.0102
보문동1가 196-11,착공신고,9,37.58612,127.01936
신림동 808-,조합설립인가,4,37.4730961,126.9282982
보문동6가 207,조합청산,12,37.58047,127.01856
돈암동 535-54,조합청산,12,37.59742,127.01841
신정동 733-31,사업시행인가,5,35.53487,129.31199
장위동 68-274,조합설립추진위원회승인,3,,
공릉동 270-71,착공신고,9,37.63021,127.08818
전농동 494,조합설립인가,4,37.5806,127.05543
길음동 612-10,조합해산,13,37.6085308,127.0201946
전농동 449-9,조합해산,13,37.5806,127.05543
전농동 204,조합설립인가,4,37.5806,127.05543
휘경동 172,일반분양승인,10,37.58773,127.06526
이문동 257-42,일반분양승인,10,37.60021,127.06124
휘경동 128-12,조합해산,13,37.58773,127.06526
용두동 753-9,조합해산,13,37.57616,127.03476
반포동 591-1,조합설립인가,4,37.50312,127.0014
번동 430-27,사업시행인가,5,37.62929,127.03684
답십리동 25,조합해산,13,37.57002,127.05467
청량리동 205,사업시행인가,5,37.5809165,127.0456941
거여동 234,조합해산,13,37.48921,127.14667
신대방동 600-14,조합설립추진위원회승인,3,37.4955756,126.9195788
이촌동 300-11,조합설립인가,4,37.52086,126.96612
후암동 142-4,조합설립추진위원회승인,3,37.55011,126.98028
신당동 321-1,관리처분인가,6,37.565196900000004,127.01321999381744
만리동2가 176-1,조합해산,13,37.5548657,126.9639221
신당동 85,조합해산,13,37.5616728,127.0185474824659
무악동 71-1,조합청산,12,37.57672,126.95812
신영동 158-2,철거신고,8,37.60277,126.9616
영등포동7가 145-8,조합청산,12,37.5246695,126.9073675901746
여의도동 37,조합설립추진위원회승인,3,,
문래동2가 35,사업시행인가,5,37.5128036,126.8929788
당산동4가 91,착공신고,9,37.52915,126.89894
영등포동7가 76-5,조합설립인가,4,37.5246695,126.9073675901746
개봉동 68-64,착공신고,9,37.4931629,126.851736
마곡동 725-1,준공인가,11,37.56619,126.8255083
염리동 507,조합해산,13,37.55018115,126.9478720005446
아현동 635,조합해산,13,37.550546999999995,126.95246389042379
아현동 613-10,관리처분인가,6,37.550546999999995,126.95246389042379
정릉동 545-12,조합설립인가,4,37.61654,126.99794
원효로4가 109-4,조합설립인가,4,37.53211,126.95127
방화동 584-1,조합설립인가,4,37.57682,126.81422
영등포동5가 6,정비구역지정,2,37.5205902,126.9040351
영등포동5가 81-1,정비구역지정,2,37.52095,126.9066
영등포동2가 299-,정비구역지정,2,37.52125,126.91222
영등포동5가 100,정비구역지정,2,37.52095,126.9066
영등포동5가 38-3,정비구역지정,2,37.52095,126.9066
송파동 100-,조합설립추진위원회승인,3,37.50479,127.11369
잠원동 61-1,조합설립추진위원회승인,3,37.518254400000004,127.01240284968915
영등포동2가 328-11,정비구역지정,2,37.52125,126.91222
영등포동2가 256-,정비구역지정,2,37.52125,126.91222
영등포동2가 34-75,정비구역지정,2,37.52125,126.91222
영등포동5가 34-46,정비구역지정,2,37.52095,126.9066
영등포동5가 49-1,정비구역지정,2,37.52095,126.9066
영등포동5가 64,정비구역지정,2,37.52095,126.9066
영등포동5가 46-4,정비구역지정,2,37.52095,126.9066
독산동 147-20,조합설립추진위원회승인,3,37.468399,126.8979571
가산동 146-78,조합설립추진위원회승인,3,37.47532525,126.88639535805152
영등포동2가 159-,정비구역지정,2,37.52125,126.91222
영등포동2가 213-,정비구역지정,2,37.522910350000004,126.9067619666343
방배동 593-98,조합설립인가,4,,
방배동 1000-3,사업시행인가,5,37.4798789,126.9939103
시흥동 791-40,이전고시,7,37.4507049,126.9085555
수색동 366-6,조합설립인가,4,37.585187250000004,126.8948584489098
영등포동4가 423-,정비계획 수립,1,37.51777,126.90368
영등포동2가 170-,정비구역지정,2,37.52125,126.91222
영등포동2가 333-,정비구역지정,2,37.52125,126.91222
용두동 80-1,조합청산,12,37.57616,127.03476
영등포동2가 34-4,정비구역지정,2,37.52125,126.91222
방학동 636-,이전고시,7,37.66442,127.03333
회기동 62-34,이전고시,7,37.59433,127.05178
방배동 1000-4,사업시행인가,5,37.4798789,126.9939103
중화동 131-35,조합설립추진위원회승인,3,37.59755,127.07783
당산동3가 410-,정비계획 수립,1,37.52616,126.89724
미아동 6,조합설립추진위원회승인,3,37.628995,127.02575433718266
정릉동 894,조합설립추진위원회승인,3,37.61654,126.99794
길동 298-1,조합해산,13,37.5398309,127.14661060476558
신월동 487-4,조합설립추진위원회승인,3,37.52782,126.83692
목동 803-2,이전고시,7,37.53608,126.87585
쌍문동 414,이전고시,7,37.65347,127.02715
성수동1가 22-13,조합설립추진위원회승인,3,37.5435,127.03742
교남동 28,정비구역지정,2,37.5707991,126.9608805
상봉동 107-1,조합설립추진위원회승인,3,37.60286415,127.0862750302752
수색동 32-13,정비구역지정,2,37.585187250000004,126.8948584489098
월계동 531,조합청산,12,37.6289,127.0567
정릉동 539-1,조합해산,13,37.61654,126.99794
면목동 172-1,조합설립추진위원회승인,3,37.58178,127.09034
화곡동 812-26,이전고시,7,37.54208,126.84656
용두동 52-28,조합설립추진위원회승인,3,37.57616,127.03476
내발산동 716-20,조합설립인가,4,37.5539189,126.8377194
수유동 291-224,조합설립추진위원회승인,3,37.6352212,127.0090642
성수동1가 656-421,조합설립추진위원회승인,3,37.5435,127.03742
종암동 95-2,조합해산,13,37.59631,127.03333
한남동 729,조합청산,12,37.53822,127.0074
한강로3가 65-500,조합설립인가,4,37.52754,126.96297
용두동 53-6,조합설립추진위원회승인,3,37.57616,127.03476
신월동 8-1,이전고시,7,37.54139565,126.82826539579102
신월동 159-192,조합설립추진위원회승인,3,,
남가좌동 175,조합해산,13,37.57744,126.9179
여의도동 50,조합설립추진위원회승인,3,,
금호동4가 235-,조합해산,13,37.54479,127.02339
옥수동 526,조합해산,13,37.54176,127.01648
송파동 167,조합해산,13,37.50479,127.11369
장안동 435-2,이전고시,7,36.2128102,127.3437761
면목동 134-40,이전고시,7,37.58178,127.09034
논현동 62-3,조합설립인가,4,37.4031099,126.7261793
미아동 42-8,조합설립인가,4,37.628995,127.02575433718266
신수동 225-7,조합설립추진위원회승인,3,34.898858,128.0730913
응암동 171,조합해산,13,37.59418,126.92555
옥수동 500,조합청산,12,37.54176,127.01648
풍납동 153,조합해산,13,37.53387,127.11094
독산동 966-1,조합해산,13,37.468399,126.8979571
염창동 244-18,이전고시,7,37.55534725,126.87252829335478
신월동 603-3,이전고시,7,34.73124,127.69787
금호동3가 632,이전고시,7,37.54998,127.02213
신월동 612,이전고시,7,37.52782,126.83692
봉천동 63-89,조합설립추진위원회승인,3,37.484665,126.9484961
염창동 242-4,이전고시,7,37.55534725,126.87252829335478
반포동 1-8,조합설립추진위원회승인,3,37.50312,127.0014
신월동 410-12,이전고시,7,37.52782,126.83692
내발산동 714-4,이전고시,7,37.5539189,126.8377194
미아동 61-79,조합설립추진위원회승인,3,37.628995,127.02575433718266
개봉동 335-16,이전고시,7,37.4931629,126.851736
수유동 170-2,조합설립추진위원회승인,3,37.6352212,127.0090642
미아동 476,이전고시,7,37.628995,127.02575433718266
장안동 425-1,이전고시,7,36.2128102,127.3437761
방화동 191-3,이전고시,7,37.57682,126.81422
중화동 324,조합설립추진위원회승인,3,37.59755,127.07783
응암동 663,조합해산,13,37.59418,126.92555
봉천동 1598-10,준공인가,11,37.484665,126.9484961
남현동 1079-13,준공인가,11,37.4715479,126.9764934
노량진동 122-37,이전고시,7,37.5110101,126.9414634
하왕십리동 339-67,조합해산,13,37.56131,127.02715
금호동2가 200,조합해산,13,37.55311,127.0211
금호동2가 566,조합청산,12,37.55311,127.0211
상왕십리동 12-37,조합해산,13,37.5683106,127.0245724
금호동2가 900,조합해산,13,37.55311,127.0211
홍제동 156,조합해산,13,37.5871,126.94676
중화동 329-38,정비구역지정,2,37.59755,127.07783
성내동 209,사업시행인가,5,37.52998,127.12875
천호동 28-32,이전고시,7,37.54294,127.12733
둔촌동 513-1,이전고시,7,37.5289579,127.1447659
당산동5가 7-2,정비계획 수립,1,37.53208,126.90102
논현동 191-4,조합설립인가,4,37.5123018,127.0294935
성내동 405-9,이전고시,7,37.52998,127.12875
성내동 547-1,이전고시,7,37.52998,127.12875
시흥동 1002-2,정비계획 수립,1,37.4507049,126.9085555
수유동 472-81,조합설립추진위원회승인,3,37.6352212,127.0090642
미아동 45-32,조합설립추진위원회승인,3,37.628995,127.02575433718266
보문동3가 225,조합해산,13,37.58419,127.01622
정릉동 10,조합해산,13,37.61654,126.99794
석관동 338-540,조합해산,13,37.60789,127.06116
돈암동 13-7,조합해산,13,37.59742,127.01841
장안동 435-4,이전고시,7,36.2128102,127.3437761
중림동 186-1,조합설립추진위원회승인,3,37.5567609,126.96630371330951
내자동 81,조합설립추진위원회승인,3,37.57522,126.97146
등촌동 651,이전고시,7,37.5498936,126.86025
화곡동 1040-24,조합설립추진위원회승인,3,37.54208,126.84656
신월동 432-6,이전고시,7,37.52782,126.83692
염리동 105,조합설립추진위원회승인,3,37.547645,126.9431093
